,Video_name,frame_name,face_name,Anger,Disgust,Fear,Happy,Sad,Surprise,Neutral
0,movie5,movie5-0044.jpg,movie5-0044-1.jpg,0.0015943037578836083,6.4309133449569345e-06,0.0009020052966661751,0.977348804473877,0.007259556092321873,0.00024844385916367173,0.012640567496418953
1,movie5,movie5-0161.jpg,movie5-0161-1.jpg,0.08369973301887512,0.0024256680626422167,0.060576602816581726,0.5144124031066895,0.2885730564594269,0.010865171439945698,0.0394473560154438
2,movie5,movie5-0572.jpg,movie5-0572-1.jpg,0.03162042796611786,0.0025240445975214243,0.04713113233447075,0.7197373509407043,0.13149960339069366,0.012571909464895725,0.05491543188691139
3,movie5,movie5-0420.jpg,movie5-0420-1.jpg,0.05933719873428345,0.0019338313722983003,0.08053427934646606,0.34556350111961365,0.3209783136844635,0.008542336523532867,0.1831105649471283
4,movie5,movie5-0075.jpg,movie5-0075-1.jpg,0.1965087652206421,0.01446501538157463,0.21637624502182007,0.22472262382507324,0.2915755808353424,0.0140687869861722,0.04228295013308525
5,movie5,movie5-0111.jpg,movie5-0111-1.jpg,0.2195756733417511,0.003703829599544406,0.11680502444505692,0.15819337964057922,0.462383508682251,0.0030275736935436726,0.03631104528903961
6,movie5,movie5-0406.jpg,movie5-0406-1.jpg,0.19336429238319397,0.01387696247547865,0.14619597792625427,0.06322973221540451,0.5221067070960999,0.0129525912925601,0.04827367886900902
7,movie5,movie5-0276.jpg,movie5-0276-1.jpg,0.08656378090381622,0.029537908732891083,0.22270508110523224,0.33238089084625244,0.25534358620643616,0.014084741473197937,0.059383977204561234
8,movie5,movie5-0045.jpg,movie5-0045-1.jpg,0.003934572450816631,5.74834193685092e-05,0.004252907820045948,0.9647801518440247,0.016941802576184273,0.0007115154876373708,0.009321515448391438
9,movie5,movie5-0447.jpg,movie5-0447-1.jpg,0.06544644385576248,0.004359272308647633,0.06850350648164749,0.43409422039985657,0.38461604714393616,0.008032108657062054,0.03494840860366821
10,movie5,movie5-0595.jpg,movie5-0595-1.jpg,0.1175420880317688,0.00445672357454896,0.2371145486831665,0.15371599793434143,0.44350749254226685,0.012561805546283722,0.03110130876302719
11,movie5,movie5-0087.jpg,movie5-0087-1.jpg,0.026189737021923065,0.0038039032369852066,0.0867396891117096,0.6538034677505493,0.1659507006406784,0.018491651862859726,0.04502080753445625
12,movie5,movie5-0176.jpg,movie5-0176-1.jpg,0.017500022426247597,0.0009029617649503052,0.05053825303912163,0.763962984085083,0.13077056407928467,0.007226874586194754,0.029098331928253174
13,movie5,movie5-0480.jpg,movie5-0480-1.jpg,0.08446919918060303,0.012359293177723885,0.12633086740970612,0.07322215288877487,0.6699634194374084,0.007147785741835833,0.02650732733309269
14,movie5,movie5-0246.jpg,movie5-0246-1.jpg,0.033644143491983414,0.00990732479840517,0.06831104308366776,0.736960768699646,0.11959624290466309,0.015041591599583626,0.016538865864276886
15,movie5,movie5-0415.jpg,movie5-0415-1.jpg,0.01896810717880726,0.0029032810125499964,0.023102404549717903,0.8223417401313782,0.1099415123462677,0.009486407972872257,0.013256458565592766
16,movie5,movie5-0164.jpg,movie5-0164-1.jpg,0.081368088722229,0.01961178332567215,0.10046673566102982,0.4641871452331543,0.27015525102615356,0.026054734364151955,0.03815627098083496
17,movie5,movie5-0567.jpg,movie5-0567-1.jpg,0.08585511893033981,0.008444753475487232,0.10340511053800583,0.2703251540660858,0.4395913779735565,0.010118081234395504,0.08226055651903152
18,movie5,movie5-0439.jpg,movie5-0439-1.jpg,0.005830494221299887,0.00010274555097566918,0.008971631526947021,0.9330570101737976,0.02718648500740528,0.0029623897280544043,0.02188926376402378
19,movie5,movie5-0172.jpg,movie5-0172-1.jpg,0.06949016451835632,0.001374978106468916,0.12384665012359619,0.1757400631904602,0.38233253359794617,0.022016964852809906,0.22519873082637787
20,movie5,movie5-0237.jpg,movie5-0237-1.jpg,0.2055128961801529,0.01359697338193655,0.15535588562488556,0.19052663445472717,0.2717708945274353,0.021990492939949036,0.1412462592124939
21,movie5,movie5-0186.jpg,movie5-0186-1.jpg,0.06174861639738083,0.0006939921295270324,0.12793149054050446,0.27741995453834534,0.3616796135902405,0.007711310405284166,0.16281507909297943
22,movie5,movie5-0252.jpg,movie5-0252-1.jpg,0.1048482283949852,0.004262486472725868,0.20446284115314484,0.1479744166135788,0.46030446887016296,0.006546660792082548,0.07160095125436783
23,movie5,movie5-0579.jpg,movie5-0579-1.jpg,0.08061723411083221,0.020861361175775528,0.11799588799476624,0.05730476975440979,0.6956443786621094,0.008591285906732082,0.0189850851893425
24,movie5,movie5-0013.jpg,movie5-0013-1.jpg,0.020103290677070618,0.0023318249732255936,0.03685177490115166,0.8367152214050293,0.06353887915611267,0.008787627331912518,0.03167141228914261
25,movie5,movie5-0475.jpg,movie5-0475-1.jpg,0.11208557337522507,0.012487771920859814,0.1530797779560089,0.05778825283050537,0.6437533497810364,0.009754001162946224,0.011051329784095287
26,movie5,movie5-0576.jpg,movie5-0576-1.jpg,0.16933287680149078,0.0245737936347723,0.11925071477890015,0.0847594365477562,0.5749802589416504,0.00507867569103837,0.022024214267730713
27,movie5,movie5-0157.jpg,movie5-0157-1.jpg,0.049980632960796356,0.007256031036376953,0.01981108821928501,0.8190609216690063,0.073860764503479,0.008797436952590942,0.021233156323432922
28,movie5,movie5-0585.jpg,movie5-0585-1.jpg,0.011836805380880833,0.0005831540329381824,0.032114721834659576,0.8572689294815063,0.07556858658790588,0.0051609608344733715,0.017466850578784943
29,movie5,movie5-0229.jpg,movie5-0229-1.jpg,0.08474073559045792,0.002283888403326273,0.09077747166156769,0.30410027503967285,0.3859279453754425,0.014671355485916138,0.1174982413649559
30,movie5,movie5-0262.jpg,movie5-0262-1.jpg,0.22954465448856354,0.023719334974884987,0.13755840063095093,0.01914392039179802,0.5654155611991882,0.005831888411194086,0.018786314874887466
31,movie5,movie5-0126.jpg,movie5-0126-1.jpg,0.2530941665172577,0.003542509861290455,0.12122272700071335,0.02298411726951599,0.5311548709869385,0.0023572391364723444,0.06564433127641678
32,movie5,movie5-0242.jpg,movie5-0242-1.jpg,0.07819433510303497,0.010908848606050014,0.14469335973262787,0.06665187329053879,0.6396231055259705,0.012408489361405373,0.04752001538872719
33,movie5,movie5-0105.jpg,movie5-0105-1.jpg,0.15628816187381744,0.0423889085650444,0.19447389245033264,0.03523232787847519,0.538251519203186,0.012655016034841537,0.020710183307528496
34,movie5,movie5-0149.jpg,movie5-0149-1.jpg,0.0674210712313652,0.0016169216251000762,0.05567124858498573,0.5447232127189636,0.2664279639720917,0.004451378248631954,0.059688225388526917
35,movie5,movie5-0107.jpg,movie5-0107-1.jpg,0.23166893422603607,0.06248458847403526,0.22919467091560364,0.04868793115019798,0.390683114528656,0.012007007375359535,0.02527373656630516
36,movie5,movie5-0432.jpg,movie5-0432-1.jpg,0.13763967156410217,0.014249737374484539,0.16596335172653198,0.06293478608131409,0.573500394821167,0.018433470278978348,0.02727862447500229
37,movie5,movie5-0470.jpg,movie5-0470-1.jpg,0.23971542716026306,0.007088782265782356,0.24022729694843292,0.02453911304473877,0.4029196500778198,0.004858493339270353,0.08065128326416016
38,movie5,movie5-0068.jpg,movie5-0068-1.jpg,0.1893123984336853,0.013442023657262325,0.08336227387189865,0.25665733218193054,0.41981709003448486,0.008631744422018528,0.02877710573375225
39,movie5,movie5-0198.jpg,movie5-0198-1.jpg,0.22195978462696075,0.00940839946269989,0.20043203234672546,0.05580970644950867,0.4265727698802948,0.008358919061720371,0.07745838165283203
40,movie5,movie5-0462.jpg,movie5-0462-1.jpg,0.05335327610373497,0.003320954041555524,0.1714264303445816,0.06815318018198013,0.6011934280395508,0.004211492370814085,0.0983411967754364
41,movie5,movie5-0102.jpg,movie5-0102-1.jpg,0.24730487167835236,0.007078909780830145,0.14376649260520935,0.014743032865226269,0.5634522438049316,0.0022779980208724737,0.02137635461986065
42,movie5,movie5-0129.jpg,movie5-0129-1.jpg,0.13844792544841766,0.007249663583934307,0.17691603302955627,0.14610321819782257,0.4275878667831421,0.025830190628767014,0.0778651013970375
43,movie5,movie5-0556.jpg,movie5-0556-1.jpg,0.1814929097890854,0.004375794902443886,0.09568673372268677,0.16477347910404205,0.4166608154773712,0.0037961008492857218,0.13321423530578613
44,movie5,movie5-0575.jpg,movie5-0575-1.jpg,0.05191158875823021,0.0119197778403759,0.08798833936452866,0.1710243672132492,0.6593162417411804,0.004723787307739258,0.013115829788148403
45,movie5,movie5-0434.jpg,movie5-0434-1.jpg,0.04234011471271515,0.0011340276105329394,0.09463882446289062,0.48942553997039795,0.28897738456726074,0.006888055708259344,0.07659605890512466
46,movie5,movie5-0472.jpg,movie5-0472-1.jpg,0.2624158263206482,0.05016212910413742,0.15565867722034454,0.006906359922140837,0.5062126517295837,0.006514233537018299,0.012130185961723328
47,movie5,movie5-0236.jpg,movie5-0236-1.jpg,0.179314523935318,0.0023647616617381573,0.18624818325042725,0.1656450480222702,0.42154809832572937,0.00492096645757556,0.039958540350198746
48,movie5,movie5-0233.jpg,movie5-0233-1.jpg,0.05852760747075081,0.0018281410448253155,0.06669503450393677,0.3978315591812134,0.2854349911212921,0.006289478857070208,0.1833932101726532
49,movie5,movie5-0493.jpg,movie5-0493-1.jpg,0.1547241359949112,0.0028378355782479048,0.19489894807338715,0.030552534386515617,0.40280503034591675,0.0070870667695999146,0.20709438621997833
50,movie5,movie5-0090.jpg,movie5-0090-1.jpg,0.028894079849123955,0.008603774011135101,0.054263532161712646,0.7762299180030823,0.09727004170417786,0.010337268002331257,0.02440149150788784
51,movie5,movie5-0046.jpg,movie5-0046-1.jpg,0.00989456195384264,0.00016772729577496648,0.009267774410545826,0.9028170108795166,0.05500556901097298,0.0011590856593102217,0.021688321605324745
52,movie5,movie5-0601.jpg,movie5-0601-1.jpg,0.1219806894659996,0.00792751181870699,0.09737992286682129,0.2355530560016632,0.4536851644515991,0.005189510527998209,0.0782841369509697
53,movie5,movie5-0049.jpg,movie5-0049-1.jpg,0.1877470761537552,0.0012564054923132062,0.09869642555713654,0.4547952711582184,0.08542060106992722,0.020480504259467125,0.15160369873046875
54,movie5,movie5-0437.jpg,movie5-0437-1.jpg,0.13166046142578125,0.01008614618331194,0.20053933560848236,0.21894073486328125,0.3067593574523926,0.015175927430391312,0.1168380007147789
55,movie5,movie5-0455.jpg,movie5-0455-1.jpg,0.016840532422065735,0.001262680976651609,0.032751038670539856,0.9011023640632629,0.026514949277043343,0.006506487727165222,0.01502192486077547
56,movie5,movie5-0548.jpg,movie5-0548-1.jpg,0.18267279863357544,0.010890274308621883,0.1939397156238556,0.014140335842967033,0.5371716022491455,0.015940655022859573,0.045244619250297546
57,movie5,movie5-0018.jpg,movie5-0018-1.jpg,0.15728017687797546,0.008028444834053516,0.21542304754257202,0.008759485557675362,0.4905603229999542,0.004025090020149946,0.11592339724302292
58,movie5,movie5-0179.jpg,movie5-0179-1.jpg,0.07226704806089401,0.010252030566334724,0.11409072577953339,0.28170478343963623,0.3334173858165741,0.01138624083250761,0.17688177525997162
59,movie5,movie5-0580.jpg,movie5-0580-1.jpg,0.2354181408882141,0.010333826765418053,0.22840926051139832,0.21117661893367767,0.2710491120815277,0.012811612337827682,0.030801475048065186
60,movie5,movie5-0438.jpg,movie5-0438-1.jpg,0.016929905861616135,0.0005201002932153642,0.016276145353913307,0.8914825916290283,0.04358162730932236,0.004988574422895908,0.026221025735139847
61,movie5,movie5-0139.jpg,movie5-0139-1.jpg,0.08757564425468445,0.00732851680368185,0.13045021891593933,0.1967335343360901,0.5309264063835144,0.011029820889234543,0.035955823957920074
62,movie5,movie5-0219.jpg,movie5-0219-1.jpg,0.19752663373947144,0.032038621604442596,0.23395659029483795,0.053868040442466736,0.3903355300426483,0.03609193116426468,0.056182559579610825
63,movie5,movie5-0131.jpg,movie5-0131-1.jpg,0.10654601454734802,0.009275604970753193,0.1638583391904831,0.1225772351026535,0.5234665870666504,0.02396613173186779,0.05031004175543785
64,movie5,movie5-0286.jpg,movie5-0286-1.jpg,0.09782971441745758,0.001684705843217671,0.14301489293575287,0.22681352496147156,0.3324044346809387,0.008726946078240871,0.18952582776546478
65,movie5,movie5-0428.jpg,movie5-0428-1.jpg,0.1897761970758438,0.01312012318521738,0.12950986623764038,0.09574440866708755,0.4997480511665344,0.008080710656940937,0.06402071565389633
66,movie5,movie5-0103.jpg,movie5-0103-1.jpg,0.2296527475118637,0.020905446261167526,0.17032748460769653,0.025960689410567284,0.5226768255233765,0.005347031634300947,0.025129875168204308
67,movie5,movie5-0450.jpg,movie5-0450-1.jpg,0.08609355241060257,0.00971162598580122,0.12363438308238983,0.23669525980949402,0.4847451448440552,0.014066501520574093,0.04505348205566406
68,movie5,movie5-0167.jpg,movie5-0167-1.jpg,0.01252150908112526,0.00019605238048825413,0.010087736882269382,0.8905156254768372,0.04837391525506973,0.003997399937361479,0.03430769965052605
69,movie5,movie5-0089.jpg,movie5-0089-1.jpg,0.12873566150665283,0.012043354101479053,0.1188061311841011,0.450661838054657,0.19023381173610687,0.019196145236492157,0.08032306283712387
70,movie5,movie5-0411.jpg,movie5-0411-1.jpg,0.012624988332390785,0.00025220552925020456,0.011809245683252811,0.861381471157074,0.08049006015062332,0.0024197997990995646,0.031022310256958008
71,movie5,movie5-0108.jpg,movie5-0108-1.jpg,0.13973726332187653,0.011834768578410149,0.17105133831501007,0.17820607125759125,0.44884365797042847,0.010501688346266747,0.03982515633106232
72,movie5,movie5-0440.jpg,movie5-0440-1.jpg,0.024881917983293533,0.0010527747217565775,0.03451543673872948,0.7605934739112854,0.12362916767597198,0.008210457861423492,0.047116879373788834
73,movie5,movie5-0096.jpg,movie5-0096-1.jpg,0.3989163935184479,0.016299676150083542,0.1985134333372116,0.013177954591810703,0.3396073281764984,0.003988087177276611,0.029496999457478523
74,movie5,movie5-0416.jpg,movie5-0416-1.jpg,0.013875328004360199,0.0013736274559050798,0.026071306318044662,0.8504595160484314,0.05532868951559067,0.012860244140028954,0.04003124311566353
75,movie5,movie5-0016.jpg,movie5-0016-1.jpg,0.036994244903326035,0.000408826454076916,0.03571264073252678,0.7575439810752869,0.0805751159787178,0.002556158695369959,0.08620896190404892
76,movie5,movie5-0238.jpg,movie5-0238-1.jpg,0.12074986100196838,0.004246835596859455,0.10400328785181046,0.5291223526000977,0.19175593554973602,0.009312335401773453,0.04080938547849655
77,movie5,movie5-0454.jpg,movie5-0454-1.jpg,0.06670790165662766,0.011676887050271034,0.031014762818813324,0.7533760070800781,0.08905602991580963,0.00990152359008789,0.03826694190502167
78,movie5,movie5-0268.jpg,movie5-0268-1.jpg,0.009028403088450432,0.00019526193500496447,0.011936635710299015,0.8699389100074768,0.03211526945233345,0.005082638468593359,0.07170272618532181
79,movie5,movie5-0500.jpg,movie5-0500-1.jpg,0.27049875259399414,0.020235739648342133,0.09518449008464813,0.33145856857299805,0.19837939739227295,0.039179570972919464,0.04506354033946991
80,movie5,movie5-0473.jpg,movie5-0473-1.jpg,0.08163731545209885,0.011243542656302452,0.12015208601951599,0.015605837106704712,0.7446852922439575,0.005295678041875362,0.021380238234996796
81,movie5,movie5-0241.jpg,movie5-0241-1.jpg,0.0187842957675457,0.001129630603827536,0.051408253610134125,0.7180273532867432,0.12003607302904129,0.011699066497385502,0.07891543954610825
82,movie5,movie5-0477.jpg,movie5-0477-1.jpg,0.1212422326207161,0.0232879389077425,0.14087362587451935,0.021666374057531357,0.6754680275917053,0.00634228577837348,0.011119471862912178
83,movie5,movie5-0255.jpg,movie5-0255-1.jpg,0.09548482298851013,0.006923089735209942,0.09630259871482849,0.20475536584854126,0.4604104161262512,0.004567165859043598,0.13155655562877655
84,movie5,movie5-0284.jpg,movie5-0284-1.jpg,0.007756488397717476,0.0005064796423539519,0.01742711290717125,0.9021252393722534,0.03476525843143463,0.0041259704157710075,0.03329354524612427
85,movie5,movie5-0250.jpg,movie5-0250-1.jpg,0.08719436824321747,0.009516184218227863,0.1451513171195984,0.3797289729118347,0.3171331584453583,0.012843785807490349,0.04843224957585335
86,movie5,movie5-0143.jpg,movie5-0143-1.jpg,0.1749132126569748,0.0014579821145161986,0.17860031127929688,0.06625499576330185,0.35885176062583923,0.009368626400828362,0.21055299043655396
87,movie5,movie5-0152.jpg,movie5-0152-1.jpg,0.0050699650309979916,0.00010828943777596578,0.008754665032029152,0.9324057102203369,0.02592538297176361,0.006258126348257065,0.021477840840816498
88,movie5,movie5-0160.jpg,movie5-0160-1.jpg,0.03906681761145592,0.0038985381834208965,0.06353670358657837,0.7102885246276855,0.1330314427614212,0.024054061621427536,0.02612401731312275
89,movie5,movie5-0553.jpg,movie5-0553-1.jpg,0.2236681580543518,0.02086486853659153,0.1962813287973404,0.11795744299888611,0.28588372468948364,0.1130780279636383,0.04226651042699814
90,movie5,movie5-0404.jpg,movie5-0404-1.jpg,0.012491484172642231,0.00034227725700475276,0.010298862121999264,0.898718535900116,0.01737615093588829,0.008431285619735718,0.052341509610414505
91,movie5,movie5-0459.jpg,movie5-0459-1.jpg,0.14234085381031036,0.006334709469228983,0.07294593006372452,0.3683415949344635,0.36446279287338257,0.006621908396482468,0.03895212709903717
92,movie5,movie5-0134.jpg,movie5-0134-1.jpg,0.08181572705507278,0.011147101409733295,0.1446501463651657,0.08404707908630371,0.6427834630012512,0.014671052806079388,0.02088545449078083
93,movie5,movie5-0577.jpg,movie5-0577-1.jpg,0.14837796986103058,0.005945851560682058,0.1428900808095932,0.03256873041391373,0.6252757906913757,0.00807915162295103,0.03686234727501869
94,movie5,movie5-0600.jpg,movie5-0600-1.jpg,0.04070260003209114,0.007934542372822762,0.030907191336154938,0.7993865609169006,0.08763732761144638,0.011247952468693256,0.022183824330568314
95,movie5,movie5-0606.jpg,movie5-0606-1.jpg,0.42130598425865173,0.05862811580300331,0.2129015475511551,0.04176053777337074,0.19225214421749115,0.030705589801073074,0.04244609177112579
96,movie5,movie5-0496.jpg,movie5-0496-1.jpg,0.35507676005363464,0.01802193373441696,0.10664141178131104,0.10344696789979935,0.3711133599281311,0.010698807425796986,0.035000767558813095
97,movie5,movie5-0011.jpg,movie5-0011-1.jpg,0.029536936432123184,0.0008025020943023264,0.021204810589551926,0.6806173324584961,0.21591441333293915,0.001904087490402162,0.05001990124583244
98,movie5,movie5-0086.jpg,movie5-0086-1.jpg,0.01023400854319334,0.0009344926220364869,0.011952006258070469,0.9014082551002502,0.025027228519320488,0.0040127914398908615,0.046431295573711395
99,movie5,movie5-0598.jpg,movie5-0598-1.jpg,0.15954133868217468,0.012477369047701359,0.3573749363422394,0.04002871364355087,0.3173505365848541,0.07863163203001022,0.03459552675485611
100,movie5,movie5-0254.jpg,movie5-0254-1.jpg,0.031053196638822556,0.002201308961957693,0.08681892603635788,0.4237143099308014,0.42711618542671204,0.0027577520813792944,0.02633838541805744
101,movie5,movie5-0495.jpg,movie5-0495-1.jpg,0.4019482135772705,0.053166113793849945,0.09855302423238754,0.23158495128154755,0.11603599786758423,0.017048340290784836,0.08166338503360748
102,movie5,movie5-0488.jpg,movie5-0488-1.jpg,0.007263535168021917,0.00026451810845173895,0.019412506371736526,0.9039999842643738,0.04685075208544731,0.0032483083195984364,0.01896050199866295
103,movie5,movie5-0043.jpg,movie5-0043-1.jpg,0.0041974494233727455,4.665605229092762e-05,0.0030052796937525272,0.9521657824516296,0.019846545532345772,0.0007898960611782968,0.019948365166783333
104,movie5,movie5-0231.jpg,movie5-0231-1.jpg,0.006506371311843395,5.1924587751273066e-05,0.0060694278217852116,0.9444414973258972,0.022057514637708664,0.0016984040848910809,0.01917484775185585
105,movie5,movie5-0448.jpg,movie5-0448-1.jpg,0.10197668522596359,0.004910132382065058,0.08305319398641586,0.38415032625198364,0.38168948888778687,0.013073059730231762,0.03114711306989193
106,movie5,movie5-0482.jpg,movie5-0482-1.jpg,0.09228165447711945,0.017883803695440292,0.16060547530651093,0.20395514369010925,0.4628235697746277,0.023885970935225487,0.03856433555483818
107,movie5,movie5-0097.jpg,movie5-0097-1.jpg,0.06734610348939896,0.002164204139262438,0.04963502287864685,0.5867083668708801,0.26016709208488464,0.0024608736857771873,0.03151829168200493
108,movie5,movie5-0085.jpg,movie5-0085-1.jpg,0.028615839779376984,0.00039815151831135154,0.02442789264023304,0.8404479622840881,0.08357773721218109,0.0012435397366061807,0.02128881774842739
109,movie5,movie5-0200.jpg,movie5-0200-1.jpg,0.27153193950653076,0.04787519574165344,0.297863245010376,0.009892606176435947,0.31212982535362244,0.026855116710066795,0.03385201841592789
110,movie5,movie5-0469.jpg,movie5-0469-1.jpg,0.10916944593191147,0.010430378839373589,0.1106867715716362,0.21502633392810822,0.4937622547149658,0.0038485240656882524,0.05707626789808273
111,movie5,movie5-0574.jpg,movie5-0574-1.jpg,0.0414753220975399,0.009457796812057495,0.06940820068120956,0.6232061386108398,0.21340537071228027,0.023000316694378853,0.02004682645201683
112,movie5,movie5-0159.jpg,movie5-0159-1.jpg,0.07429639250040054,0.022582272067666054,0.045115817338228226,0.6888705492019653,0.1407492309808731,0.00972942914813757,0.01865631714463234
113,movie5,movie5-0146.jpg,movie5-0146-1.jpg,0.18773092329502106,0.004656239412724972,0.12336324900388718,0.1000291109085083,0.35695675015449524,0.010673302225768566,0.21659040451049805
114,movie5,movie5-0036.jpg,movie5-0036-1.jpg,0.1657126545906067,0.004755070898681879,0.12049043923616409,0.10577981173992157,0.4835377335548401,0.006668627727776766,0.11305561661720276
115,movie5,movie5-0091.jpg,movie5-0091-1.jpg,0.018714850768446922,0.002781130839139223,0.036783576011657715,0.8254368305206299,0.04216475412249565,0.011517209000885487,0.06260166317224503
116,movie5,movie5-0458.jpg,movie5-0458-1.jpg,0.41395074129104614,0.0032258566934615374,0.11100465804338455,0.09848728775978088,0.2687283456325531,0.014323427341878414,0.09027978032827377
117,movie5,movie5-0020.jpg,movie5-0020-1.jpg,0.044233642518520355,0.002628098474815488,0.0207696333527565,0.7159818410873413,0.16195158660411835,0.003955207299441099,0.0504799485206604
118,movie5,movie5-0088.jpg,movie5-0088-1.jpg,0.0442439429461956,0.005136579740792513,0.18520501255989075,0.33202221989631653,0.3702659010887146,0.028883786872029305,0.034242626279592514
119,movie5,movie5-0451.jpg,movie5-0451-1.jpg,0.11570864170789719,0.022621383890509605,0.14182732999324799,0.3296915888786316,0.33809080719947815,0.018864484503865242,0.03319571539759636
120,movie5,movie5-0478.jpg,movie5-0478-1.jpg,0.17310959100723267,0.02846190333366394,0.10875654965639114,0.05999250337481499,0.6132660508155823,0.008590214885771275,0.007823284715414047
121,movie5,movie5-0571.jpg,movie5-0571-1.jpg,0.03236627206206322,0.0025504352524876595,0.04702090099453926,0.7805032134056091,0.07960858941078186,0.015619932673871517,0.04233066737651825
122,movie5,movie5-0199.jpg,movie5-0199-1.jpg,0.09155794233083725,0.006389710120856762,0.2243567407131195,0.2187947928905487,0.3642869293689728,0.012465469539165497,0.08214841783046722
123,movie5,movie5-0243.jpg,movie5-0243-1.jpg,0.055580511689186096,0.014048331417143345,0.09407472610473633,0.450147420167923,0.3552389144897461,0.018018117174506187,0.012891983613371849
124,movie5,movie5-0051.jpg,movie5-0051-1.jpg,0.03146378695964813,0.0029186794999986887,0.06369815021753311,0.5621054172515869,0.22324101626873016,0.01291302777826786,0.1036599650979042
125,movie5,movie5-0035.jpg,movie5-0035-1.jpg,0.0083491625264287,0.0021854701917618513,0.01535122562199831,0.9353802800178528,0.02322990447282791,0.010548986494541168,0.004954838193953037
126,movie5,movie5-0033.jpg,movie5-0033-1.jpg,0.0036325675901025534,4.8604299081489444e-05,0.0026659416034817696,0.9646064043045044,0.013079033233225346,0.0010431193513795733,0.014924372546374798
127,movie5,movie5-0441.jpg,movie5-0441-1.jpg,0.011774113401770592,0.0005059112445451319,0.020382940769195557,0.8068960905075073,0.08848081529140472,0.0023981458507478237,0.06956200301647186
128,movie5,movie5-0106.jpg,movie5-0106-1.jpg,0.2861122190952301,0.06797222793102264,0.2565612494945526,0.04723682254552841,0.28790292143821716,0.016652487218379974,0.037562135607004166
129,movie5,movie5-0180.jpg,movie5-0180-1.jpg,0.04674350097775459,0.0033345220144838095,0.07766779512166977,0.35751622915267944,0.3377979099750519,0.0063498481176793575,0.17059022188186646
130,movie5,movie5-0566.jpg,movie5-0566-1.jpg,0.09612054377794266,0.004769341554492712,0.17356130480766296,0.21737520396709442,0.409471333026886,0.007319116033613682,0.09138322621583939
131,movie5,movie5-0041.jpg,movie5-0041-1.jpg,0.036096833646297455,0.00026634937967173755,0.0190401840955019,0.8067950010299683,0.09368987381458282,0.0021610150579363108,0.04195075482130051
132,movie5,movie5-0449.jpg,movie5-0449-1.jpg,0.08806408196687698,0.014257051050662994,0.12484144419431686,0.14674079418182373,0.5911195874214172,0.01438292395323515,0.020594023168087006
133,movie5,movie5-0133.jpg,movie5-0133-1.jpg,0.14657533168792725,0.023922055959701538,0.16886401176452637,0.0627962127327919,0.5680730938911438,0.01420760527253151,0.015561717562377453
134,movie5,movie5-0127.jpg,movie5-0127-1.jpg,0.0864567831158638,0.0011483129346743226,0.05948631092905998,0.4538613557815552,0.2612833082675934,0.006704169325530529,0.1310597062110901
135,movie5,movie5-0125.jpg,movie5-0125-1.jpg,0.045120902359485626,0.0021471576765179634,0.09970802068710327,0.3468867540359497,0.46079322695732117,0.00849090050905943,0.03685314580798149
136,movie5,movie5-0453.jpg,movie5-0453-1.jpg,0.21533434092998505,0.03610968589782715,0.17285703122615814,0.14004600048065186,0.3210196793079376,0.01164370309561491,0.10298952460289001
137,movie5,movie5-0484.jpg,movie5-0484-1.jpg,0.1339901089668274,0.011351014487445354,0.1490645706653595,0.15647171437740326,0.44736555218696594,0.013126852922141552,0.0886300653219223
138,movie5,movie5-0487.jpg,movie5-0487-1.jpg,0.10676604509353638,0.01583232916891575,0.13061659038066864,0.4014769494533539,0.24919071793556213,0.02130741998553276,0.0748099535703659
139,movie5,movie5-0234.jpg,movie5-0234-1.jpg,0.11813332140445709,0.0042976089753210545,0.09960027039051056,0.27492016553878784,0.3030657172203064,0.008112311363220215,0.1918705850839615
140,movie5,movie5-0027.jpg,movie5-0027-1.jpg,0.002520302776247263,1.0383734661445487e-05,0.0013673988869413733,0.935989260673523,0.012376285158097744,0.0003267889260314405,0.047409575432538986
141,movie5,movie5-0153.jpg,movie5-0153-1.jpg,0.01338457502424717,0.002471059327945113,0.01975083164870739,0.8865025043487549,0.04160856083035469,0.014543859288096428,0.02173854224383831
142,movie5,movie5-0052.jpg,movie5-0052-1.jpg,0.11237730830907822,0.011382265016436577,0.13091833889484406,0.16841745376586914,0.5085349678993225,0.014076522551476955,0.054293204098939896
143,movie5,movie5-0421.jpg,movie5-0421-1.jpg,0.19485560059547424,0.009424092248082161,0.14910119771957397,0.013175361789762974,0.4672808051109314,0.005610696505755186,0.16055229306221008
144,movie5,movie5-0483.jpg,movie5-0483-1.jpg,0.08144287765026093,0.020534520968794823,0.1768496036529541,0.13001683354377747,0.5367513298988342,0.01821187697350979,0.03619296848773956
145,movie5,movie5-0017.jpg,movie5-0017-1.jpg,0.16355685889720917,0.026176897808909416,0.2116791009902954,0.0841141864657402,0.42702242732048035,0.005479378160089254,0.08197111636400223
146,movie5,movie5-0489.jpg,movie5-0489-1.jpg,0.1161186546087265,0.008596417494118214,0.1210252121090889,0.32854652404785156,0.38375577330589294,0.007065143436193466,0.034892257302999496
147,movie5,movie5-0019.jpg,movie5-0019-1.jpg,0.11522632837295532,0.0006482162280008197,0.06975182890892029,0.10852906852960587,0.2234213799238205,0.003690495388582349,0.478732705116272
148,movie5,movie5-0426.jpg,movie5-0426-1.jpg,0.10506017506122589,0.0019661157857626677,0.10610762238502502,0.08181363344192505,0.6270644068717957,0.009544020518660545,0.06844405084848404
149,movie5,movie5-0429.jpg,movie5-0429-1.jpg,0.08216442167758942,0.008046506904065609,0.07474764436483383,0.5993309617042542,0.1744522750377655,0.015596414916217327,0.045661911368370056
150,movie5,movie5-0456.jpg,movie5-0456-1.jpg,0.15896177291870117,0.006180870346724987,0.16126403212547302,0.1855522096157074,0.21189306676387787,0.018723996356129646,0.2574240565299988
151,movie5,movie5-0260.jpg,movie5-0260-1.jpg,0.1845768541097641,0.009529458358883858,0.11083639413118362,0.04538677632808685,0.608104944229126,0.0029931901954114437,0.03857235610485077
152,movie5,movie5-0549.jpg,movie5-0549-1.jpg,0.16074547171592712,0.005344407167285681,0.2655022442340851,0.031193070113658905,0.33151838183403015,0.09098157286643982,0.11471477150917053
153,movie5,movie5-0491.jpg,movie5-0491-1.jpg,0.01498557161539793,0.0004291399382054806,0.020081674680113792,0.8523974418640137,0.07906130701303482,0.0024393603671342134,0.03060542233288288
154,movie5,movie5-0593.jpg,movie5-0593-1.jpg,0.18275345861911774,0.0021445429883897305,0.0895608589053154,0.1349901407957077,0.4339551329612732,0.0038641442079097033,0.1527317613363266
155,movie5,movie5-0034.jpg,movie5-0034-1.jpg,0.13785864412784576,0.009063106030225754,0.120363749563694,0.13770213723182678,0.5532515645027161,0.01443419698625803,0.027326585724949837
156,movie5,movie5-0581.jpg,movie5-0581-1.jpg,0.01458640955388546,0.0006567913806065917,0.023746002465486526,0.691903293132782,0.24233226478099823,0.0015704871620982885,0.025204643607139587
157,movie5,movie5-0277.jpg,movie5-0277-1.jpg,0.01825488917529583,0.002227088436484337,0.02562900260090828,0.8162029385566711,0.10975195467472076,0.003551521571353078,0.02438262291252613
158,movie5,movie5-0599.jpg,movie5-0599-1.jpg,0.27817028760910034,0.057201847434043884,0.08533014357089996,0.2665955424308777,0.26387763023376465,0.018335528671741486,0.030489061027765274
159,movie5,movie5-0435.jpg,movie5-0435-1.jpg,0.18433842062950134,0.009509322233498096,0.1547083705663681,0.21899820864200592,0.28160619735717773,0.033812761306762695,0.11702663451433182
160,movie5,movie5-0135.jpg,movie5-0135-1.jpg,0.08121228963136673,0.013845628127455711,0.1526118665933609,0.06905412673950195,0.6425586938858032,0.0071526323445141315,0.03356480598449707
161,movie5,movie5-0022.jpg,movie5-0022-1.jpg,0.08993684500455856,0.004842257127165794,0.10340755432844162,0.3604580760002136,0.3357834219932556,0.011205415241420269,0.0943663939833641
162,movie5,movie5-0249.jpg,movie5-0249-1.jpg,0.07376589626073837,0.010485869832336903,0.15553387999534607,0.15422530472278595,0.5665216445922852,0.010067221708595753,0.029400117695331573
163,movie5,movie5-0445.jpg,movie5-0445-1.jpg,0.08964162319898605,0.0030944745521992445,0.10586219280958176,0.33855825662612915,0.39248576760292053,0.007030388806015253,0.06332731992006302
164,movie5,movie5-0413.jpg,movie5-0413-1.jpg,0.06457767635583878,0.0030896340031176805,0.05615300312638283,0.5204865336418152,0.3110102713108063,0.014702759683132172,0.029980171471834183
165,movie5,movie5-0201.jpg,movie5-0201-1.jpg,0.11560621112585068,0.004420589655637741,0.1276456117630005,0.3662717044353485,0.2716054618358612,0.02878771349787712,0.08566274493932724
166,movie5,movie5-0202.jpg,movie5-0202-1.jpg,0.1407417356967926,0.012454263865947723,0.21703900396823883,0.04979642108082771,0.5254857540130615,0.008554345928132534,0.04592844471335411
167,movie5,movie5-0166.jpg,movie5-0166-1.jpg,0.0297945998609066,0.005151239689439535,0.04749847948551178,0.7468755841255188,0.09326358884572983,0.01719551905989647,0.06022099405527115
168,movie5,movie5-0422.jpg,movie5-0422-1.jpg,0.22819843888282776,0.005732366815209389,0.10784810036420822,0.04179898276925087,0.3423396944999695,0.00911728199571371,0.2649650573730469
169,movie5,movie5-0550.jpg,movie5-0550-1.jpg,0.13241790235042572,0.003191301366314292,0.2444029301404953,0.025799855589866638,0.2895781993865967,0.11328110843896866,0.19132868945598602
170,movie5,movie5-0197.jpg,movie5-0197-1.jpg,0.15688329935073853,0.005039962008595467,0.10343296825885773,0.36428123712539673,0.315612256526947,0.007633605040609837,0.04711662605404854
171,movie5,movie5-0552.jpg,movie5-0552-1.jpg,0.3140040934085846,0.025169089436531067,0.24747180938720703,0.03622358292341232,0.1968848705291748,0.11962945014238358,0.06061708927154541
172,movie5,movie5-0427.jpg,movie5-0427-1.jpg,0.12267035245895386,0.004589317366480827,0.10358861088752747,0.2157403826713562,0.477138876914978,0.005911368876695633,0.07036107033491135
173,movie5,movie5-0042.jpg,movie5-0042-1.jpg,0.02608133666217327,0.0010505466489121318,0.028362814337015152,0.7847141027450562,0.1278960406780243,0.0029354868456721306,0.0289597287774086
174,movie5,movie5-0481.jpg,movie5-0481-1.jpg,0.08375617861747742,0.011736462824046612,0.1314157396554947,0.06470466405153275,0.662523627281189,0.016951458528637886,0.028911733999848366
175,movie5,movie5-0092.jpg,movie5-0092-1.jpg,0.0579993799328804,0.0038859189953655005,0.04052625596523285,0.5749422311782837,0.23080912232398987,0.006759163923561573,0.08507796376943588
176,movie5,movie5-0074.jpg,movie5-0074-1.jpg,0.17398227751255035,0.0037589140702039003,0.22486673295497894,0.23236970603466034,0.28197330236434937,0.022052496671676636,0.06099661439657211
177,movie5,movie5-0098.jpg,movie5-0098-1.jpg,0.3036659359931946,0.004502591211348772,0.09570106863975525,0.05324317142367363,0.513224184513092,0.0021683373488485813,0.027494734153151512
178,movie5,movie5-0430.jpg,movie5-0430-1.jpg,0.15542753040790558,0.011552085168659687,0.11771867424249649,0.3159075677394867,0.3356548547744751,0.021039893850684166,0.042699456214904785
179,movie5,movie5-0182.jpg,movie5-0182-1.jpg,0.06960143148899078,0.013432379812002182,0.11070533096790314,0.4432068467140198,0.2781732678413391,0.01712913066148758,0.06775160133838654
180,movie5,movie5-0597.jpg,movie5-0597-1.jpg,0.09824340790510178,0.00960139837116003,0.369612455368042,0.05155782029032707,0.4167514443397522,0.021332036703824997,0.03290141746401787
181,movie5,movie5-0431.jpg,movie5-0431-1.jpg,0.08382710069417953,0.009860211983323097,0.1599743813276291,0.02298683486878872,0.6877120137214661,0.0066498760133981705,0.028989534825086594
182,movie5,movie5-0457.jpg,movie5-0457-1.jpg,0.07589750736951828,0.003611702937632799,0.1409112960100174,0.38369569182395935,0.3570467531681061,0.006496804766356945,0.032340157777071
183,movie5,movie5-0174.jpg,movie5-0174-1.jpg,0.03999488428235054,0.001048683188855648,0.13032343983650208,0.5005006790161133,0.23852860927581787,0.012402628548443317,0.07720105350017548
184,movie5,movie5-0047.jpg,movie5-0047-1.jpg,0.003026744583621621,3.8087848224677145e-05,0.00431801239028573,0.9535262584686279,0.02131234109401703,0.000559148087631911,0.017219485715031624
185,movie5,movie5-0283.jpg,movie5-0283-1.jpg,0.09848849475383759,0.011008048430085182,0.10981530696153641,0.4107404053211212,0.2887585759162903,0.010391037911176682,0.0707981064915657
186,movie5,movie5-0136.jpg,movie5-0136-1.jpg,0.0441863089799881,0.011244391091167927,0.10034818202257156,0.5220955610275269,0.2898101806640625,0.011656057089567184,0.02065928466618061
187,movie5,movie5-0158.jpg,movie5-0158-1.jpg,0.07622139900922775,0.012057694606482983,0.031078863888978958,0.6870696544647217,0.16317948698997498,0.009184805676341057,0.021208036690950394
188,movie5,movie5-0053.jpg,movie5-0053-1.jpg,0.03324339911341667,0.0023912552278488874,0.04543345794081688,0.741470456123352,0.12656629085540771,0.012128032743930817,0.03876711055636406
189,movie5,movie5-0151.jpg,movie5-0151-1.jpg,0.01718011125922203,0.0008986624889075756,0.024135639891028404,0.8422294855117798,0.0692349448800087,0.024000074714422226,0.022321047261357307
190,movie5,movie5-0244.jpg,movie5-0244-1.jpg,0.04021208733320236,0.013177473098039627,0.07015782594680786,0.6947705745697021,0.1532440483570099,0.015315755270421505,0.0131222577765584
191,movie5,movie5-0485.jpg,movie5-0485-1.jpg,0.09594365209341049,0.014824584126472473,0.13446921110153198,0.10431288182735443,0.5978353023529053,0.011171510443091393,0.041442763060331345
192,movie5,movie5-0555.jpg,movie5-0555-1.jpg,0.12885130941867828,0.0040394919924438,0.17840667068958282,0.1360531449317932,0.4399120509624481,0.038316257297992706,0.07442116737365723
193,movie5,movie5-0275.jpg,movie5-0275-1.jpg,0.06727927178144455,0.0015020378632470965,0.0487242192029953,0.5602278113365173,0.2990076243877411,0.0023370657581835985,0.020921967923641205
194,movie5,movie5-0024.jpg,movie5-0024-1.jpg,0.052959758788347244,0.0024000955745577812,0.04908673092722893,0.6886105537414551,0.1356579214334488,0.025196783244609833,0.046088144183158875
195,movie5,movie5-0050.jpg,movie5-0050-1.jpg,0.015413961373269558,0.001741659245453775,0.03478403016924858,0.8148242831230164,0.06988894939422607,0.022338569164276123,0.041008543223142624
196,movie5,movie5-0280.jpg,movie5-0280-1.jpg,0.11663797497749329,0.010879208333790302,0.14192424714565277,0.1830023229122162,0.46748578548431396,0.01285045687109232,0.0672200620174408
197,movie5,movie5-0596.jpg,movie5-0596-1.jpg,0.17979633808135986,0.0076702614314854145,0.31092336773872375,0.0480002798140049,0.36152374744415283,0.03196538984775543,0.06012074649333954
198,movie5,movie5-0474.jpg,movie5-0474-1.jpg,0.11663159728050232,0.01645784266293049,0.17929239571094513,0.011402429081499577,0.6456778049468994,0.010332050733268261,0.020205939188599586
199,movie5,movie5-0177.jpg,movie5-0177-1.jpg,0.09845399856567383,0.006075323559343815,0.14362719655036926,0.2567366361618042,0.30070897936820984,0.01622059755027294,0.17817725241184235
200,movie5,movie5-0023.jpg,movie5-0023-1.jpg,0.048835061490535736,0.008892970159649849,0.07794883847236633,0.6786604523658752,0.1025744155049324,0.015230374410748482,0.06785792112350464
201,movie5,movie5-0573.jpg,movie5-0573-1.jpg,0.02826552279293537,0.005215125158429146,0.04607086628675461,0.7102692723274231,0.17949524521827698,0.011037588119506836,0.01964637264609337
202,movie5,movie5-0419.jpg,movie5-0419-1.jpg,0.0921529158949852,0.002264134120196104,0.2055089920759201,0.03890120983123779,0.5593484044075012,0.004565928131341934,0.09725847840309143
203,movie5,movie5-0141.jpg,movie5-0141-1.jpg,0.049913354218006134,0.0030809335876256227,0.12722167372703552,0.41481512784957886,0.3567965030670166,0.008248171769082546,0.039924293756484985
204,movie5,movie5-0128.jpg,movie5-0128-1.jpg,0.1311810463666916,0.004931170493364334,0.09967774152755737,0.16790491342544556,0.5295780301094055,0.006825185846537352,0.05990187078714371
205,movie5,movie5-0405.jpg,movie5-0405-1.jpg,0.011288161389529705,0.0004916719626635313,0.014328660443425179,0.9037119746208191,0.03428591042757034,0.010216332972049713,0.025677282363176346
206,movie5,movie5-0253.jpg,movie5-0253-1.jpg,0.03866729140281677,0.0036757446359843016,0.08950594067573547,0.6420010328292847,0.15797486901283264,0.007193784229457378,0.060981426388025284
207,movie5,movie5-0069.jpg,movie5-0069-1.jpg,0.15220670402050018,0.008819240145385265,0.21258413791656494,0.11506567895412445,0.2935236692428589,0.16888181865215302,0.04891873151063919
208,movie5,movie5-0154.jpg,movie5-0154-1.jpg,0.0037108566612005234,0.0002027438022196293,0.01140582375228405,0.9302103519439697,0.016412142664194107,0.0075684511102736,0.03048967383801937
209,movie5,movie5-0251.jpg,movie5-0251-1.jpg,0.15142561495304108,0.0070273010060191154,0.09041570872068405,0.2435244470834732,0.48877090215682983,0.003562587546184659,0.01527336984872818
210,movie5,movie5-0227.jpg,movie5-0227-1.jpg,0.03497397154569626,0.0030877655372023582,0.06829040497541428,0.6827656626701355,0.1533418595790863,0.03307758644223213,0.024462683126330376
211,movie5,movie5-0228.jpg,movie5-0228-1.jpg,0.10789985954761505,0.011160504072904587,0.2021227478981018,0.13782881200313568,0.4625380039215088,0.0209365151822567,0.0575135201215744
212,movie5,movie5-0110.jpg,movie5-0110-1.jpg,0.13414444029331207,0.0030310198199003935,0.1719055324792862,0.11743196099996567,0.5365657806396484,0.003443419234827161,0.03347781300544739
213,movie5,movie5-0492.jpg,movie5-0492-1.jpg,0.010631357319653034,0.000577345781493932,0.01850971207022667,0.8390132784843445,0.079129159450531,0.005930811632424593,0.04620843008160591
214,movie5,movie5-0140.jpg,movie5-0140-1.jpg,0.07693731784820557,0.009089517407119274,0.24708716571331024,0.08356036990880966,0.5237767100334167,0.010239492170512676,0.049309443682432175
215,movie5,movie5-0187.jpg,movie5-0187-1.jpg,0.07056991010904312,0.007012257352471352,0.05126740783452988,0.5622979402542114,0.18476715683937073,0.009170878678560257,0.1149144172668457
216,movie5,movie5-0499.jpg,movie5-0499-1.jpg,0.12290406227111816,0.004268046002835035,0.12254628539085388,0.053970735520124435,0.6238468885421753,0.006764509249478579,0.06569954007863998
217,movie5,movie5-0442.jpg,movie5-0442-1.jpg,0.025926660746335983,0.0004254070809110999,0.04193361476063728,0.7853897213935852,0.042146265506744385,0.010936261154711246,0.0932421162724495
218,movie5,movie5-0263.jpg,movie5-0263-1.jpg,0.12881478667259216,0.010592112317681313,0.1894487589597702,0.022780509665608406,0.5985776782035828,0.007410362828522921,0.04237578436732292
219,movie5,movie5-0247.jpg,movie5-0247-1.jpg,0.16147589683532715,0.01834266446530819,0.2888367772102356,0.1436280608177185,0.3107513189315796,0.039788618683815,0.037176672369241714
220,movie5,movie5-0230.jpg,movie5-0230-1.jpg,0.06494524329900742,0.002656532684341073,0.07613825052976608,0.5384175777435303,0.2449731081724167,0.014500861056149006,0.05836844444274902
221,movie5,movie5-0040.jpg,movie5-0040-1.jpg,0.048237431794404984,0.003817794844508171,0.038135673850774765,0.7279041409492493,0.14921170473098755,0.007038160227239132,0.025655098259449005
222,movie5,movie5-0265.jpg,movie5-0265-1.jpg,0.16725580394268036,0.0204375758767128,0.17067457735538483,0.05786954239010811,0.5528711080551147,0.009160496294498444,0.02173096314072609
223,movie5,movie5-0494.jpg,movie5-0494-1.jpg,0.19612281024456024,0.021971553564071655,0.14785438776016235,0.06853555142879486,0.4618203341960907,0.006789089180529118,0.09690629690885544
224,movie5,movie5-0578.jpg,movie5-0578-1.jpg,0.06366244703531265,0.007547448854893446,0.0928884744644165,0.14496654272079468,0.6662992835044861,0.006644406355917454,0.017991378903388977
225,movie5,movie5-0183.jpg,movie5-0183-1.jpg,0.24138912558555603,0.05750041455030441,0.1727786511182785,0.11541340500116348,0.33469513058662415,0.031161421909928322,0.047061849385499954
226,movie5,movie5-0264.jpg,movie5-0264-1.jpg,0.1485823541879654,0.04079888388514519,0.2638750970363617,0.050602205097675323,0.45111826062202454,0.024544423446059227,0.020478809252381325
227,movie5,movie5-0602.jpg,movie5-0602-1.jpg,0.052776798605918884,0.010204548016190529,0.0340343713760376,0.7524760961532593,0.0760805606842041,0.020770622417330742,0.05365690961480141
228,movie5,movie5-0412.jpg,movie5-0412-1.jpg,0.04413251206278801,0.001422040513716638,0.030577965080738068,0.6768024563789368,0.20130158960819244,0.00840866006910801,0.037354789674282074
229,movie5,movie5-0015.jpg,movie5-0015-1.jpg,0.010879823006689548,0.0002050599141512066,0.010891751386225224,0.9314965605735779,0.02804945968091488,0.0011525466106832027,0.01732487417757511
230,movie5,movie5-0281.jpg,movie5-0281-1.jpg,0.19309529662132263,0.021796248853206635,0.15117096900939941,0.15971487760543823,0.41768893599510193,0.012833244167268276,0.04370047152042389
231,movie5,movie5-0486.jpg,movie5-0486-1.jpg,0.2421451061964035,0.059100549668073654,0.20840708911418915,0.07602321356534958,0.37211665511131287,0.024054141715168953,0.01815314032137394
232,movie5,movie5-0073.jpg,movie5-0073-1.jpg,0.15898752212524414,0.0037561426870524883,0.09729934483766556,0.4614414572715759,0.21483877301216125,0.0175919346511364,0.04608476161956787
233,movie5,movie5-0156.jpg,movie5-0156-1.jpg,0.02892168052494526,0.0038798232562839985,0.05131271854043007,0.6282877922058105,0.1983422487974167,0.012640310451388359,0.07661548256874084
234,movie5,movie5-0414.jpg,movie5-0414-1.jpg,0.08213672041893005,0.004992862697690725,0.07670977711677551,0.3973381221294403,0.38319623470306396,0.017140869051218033,0.03848535194993019
235,movie5,movie5-0181.jpg,movie5-0181-1.jpg,0.0600476935505867,0.009578450582921505,0.12390653043985367,0.294000506401062,0.4041513502597809,0.01728856936097145,0.0910269170999527
236,movie5,movie5-0162.jpg,movie5-0162-1.jpg,0.03816510736942291,0.003762452397495508,0.0441589318215847,0.756166934967041,0.12573547661304474,0.012583499774336815,0.019427688792347908
237,movie5,movie5-0104.jpg,movie5-0104-1.jpg,0.261942058801651,0.02775050327181816,0.22119516134262085,0.013523760251700878,0.4251135587692261,0.01358023565262556,0.036894723773002625
238,movie5,movie5-0256.jpg,movie5-0256-1.jpg,0.11313895136117935,0.003146102651953697,0.11125239729881287,0.07043735682964325,0.6761639714241028,0.0020373354200273752,0.02382379211485386
239,movie5,movie5-0269.jpg,movie5-0269-1.jpg,0.020590586587786674,0.001422265311703086,0.02452431060373783,0.7758965492248535,0.11605740338563919,0.0038383607752621174,0.05767052620649338
240,movie5,movie5-0490.jpg,movie5-0490-1.jpg,0.11061038076877594,0.005112909711897373,0.12249986827373505,0.2159547060728073,0.49972280859947205,0.0038656960241496563,0.04223361238837242
241,movie5,movie5-0471.jpg,movie5-0471-1.jpg,0.38831791281700134,0.05738166347146034,0.17845846712589264,0.0030551885720342398,0.3543281853199005,0.004891904070973396,0.01356679666787386
242,movie5,movie5-0184.jpg,movie5-0184-1.jpg,0.006275384221225977,9.712982136989012e-05,0.010861438699066639,0.870312511920929,0.07521975785493851,0.002479702001437545,0.034754183143377304
243,movie5,movie5-0112.jpg,movie5-0112-1.jpg,0.14641173183918,0.015405966900289059,0.12761396169662476,0.25568586587905884,0.39975202083587646,0.01420637033879757,0.04092414304614067
244,movie5,movie5-0407.jpg,movie5-0407-1.jpg,0.24278028309345245,0.017353573814034462,0.11611869931221008,0.03523185849189758,0.5298023223876953,0.00822399277240038,0.05048934742808342
245,movie5,movie5-0403.jpg,movie5-0403-1.jpg,0.17119638621807098,0.002356242621317506,0.13924063742160797,0.1035454124212265,0.43493181467056274,0.008054477162659168,0.14067503809928894
246,movie5,movie5-0266.jpg,movie5-0266-1.jpg,0.1323157697916031,0.02040790393948555,0.21515731513500214,0.14872056245803833,0.4321175515651703,0.012321810238063335,0.03895914927124977
247,movie5,movie5-0235.jpg,movie5-0235-1.jpg,0.17463020980358124,0.006178015377372503,0.12714697420597076,0.13994891941547394,0.2954082190990448,0.005847056861966848,0.2508406341075897
248,movie5,movie5-0163.jpg,movie5-0163-1.jpg,0.10570336133241653,0.013120220974087715,0.0982169434428215,0.24174466729164124,0.4836682081222534,0.02059021219611168,0.03695641830563545
249,movie5,movie5-0014.jpg,movie5-0014-1.jpg,0.029782744124531746,0.002257094020023942,0.07380026578903198,0.5811352133750916,0.2034893035888672,0.004593327641487122,0.10494209825992584
250,movie5,movie5-0452.jpg,movie5-0452-1.jpg,0.08578058332204819,0.00942919310182333,0.11035501211881638,0.48413756489753723,0.22665134072303772,0.03269043564796448,0.05095586180686951
251,movie5,movie5-0282.jpg,movie5-0282-1.jpg,0.024082928895950317,0.003917285241186619,0.03540506586432457,0.8517052531242371,0.04293578863143921,0.011149919591844082,0.030803607776761055
252,movie5,movie5-0417.jpg,movie5-0417-1.jpg,0.028801092877984047,0.0014765954110771418,0.03949688747525215,0.7578175067901611,0.12008684873580933,0.008523759432137012,0.04379727318882942
253,movie5,movie5-0083.jpg,movie5-0083-1.jpg,0.10667325556278229,0.00458929780870676,0.06073015555739403,0.4926702678203583,0.2597878873348236,0.003525856416672468,0.07202335447072983
254,movie5,movie5-0026.jpg,movie5-0026-1.jpg,0.011294838041067123,0.00014434935292229056,0.012957928702235222,0.8424844145774841,0.08025070279836655,0.0024761343374848366,0.05039164423942566
255,movie5,movie5-0132.jpg,movie5-0132-1.jpg,0.08138097077608109,0.009925290010869503,0.1172313541173935,0.031560540199279785,0.7342401146888733,0.004798101261258125,0.020863624289631844
256,movie5,movie5-0173.jpg,movie5-0173-1.jpg,0.16149313747882843,0.00450268154963851,0.1448047161102295,0.08605217933654785,0.4140227735042572,0.011385422199964523,0.17773909866809845
257,movie5,movie5-0582.jpg,movie5-0582-1.jpg,0.0012753765331581235,1.5603201973135583e-05,0.0023395856842398643,0.9741072058677673,0.006494942586869001,0.0015873255906626582,0.014179921709001064
258,movie5,movie5-0270.jpg,movie5-0270-1.jpg,0.22628529369831085,0.008839148096740246,0.1705341786146164,0.020039482042193413,0.49105820059776306,0.0050578913651406765,0.07818576693534851
259,movie5,movie5-0130.jpg,movie5-0130-1.jpg,0.13846898078918457,0.014054195024073124,0.18588624894618988,0.0672258511185646,0.5247974395751953,0.020395411178469658,0.04917190968990326
260,movie5,movie5-0109.jpg,movie5-0109-1.jpg,0.2725667655467987,0.0094662606716156,0.1681181639432907,0.028579596430063248,0.42886650562286377,0.012110822834074497,0.08029190450906754
261,movie5,movie5-0165.jpg,movie5-0165-1.jpg,0.06872349977493286,0.0034002773463726044,0.14490526914596558,0.39312225580215454,0.2599647343158722,0.011893831193447113,0.11799012869596481
262,movie5,movie5-0248.jpg,movie5-0248-1.jpg,0.07267310470342636,0.009944532997906208,0.1869383454322815,0.20073558390140533,0.4670065939426422,0.01849496364593506,0.04420683905482292
263,movie5,movie5-0279.jpg,movie5-0279-1.jpg,0.042131710797548294,0.005002723075449467,0.057355765253305435,0.6520687937736511,0.20248368382453918,0.013471199199557304,0.027486102655529976
264,movie5,movie5-0188.jpg,movie5-0188-1.jpg,0.03967609629034996,0.004115592688322067,0.05180131271481514,0.6655644774436951,0.12689806520938873,0.012299057096242905,0.09964544326066971
265,movie5,movie5-0037.jpg,movie5-0037-1.jpg,0.10619403421878815,0.004398593679070473,0.09899160265922546,0.24354076385498047,0.4863905608654022,0.006998091004788876,0.05348636582493782
266,movie5,movie5-0479.jpg,movie5-0479-1.jpg,0.12871921062469482,0.013918532058596611,0.158175989985466,0.017242517322301865,0.6608626842498779,0.007270085159689188,0.013810981065034866
267,movie5,movie5-0605.jpg,movie5-0605-1.jpg,0.1606886237859726,0.05986525118350983,0.15214137732982635,0.2993769645690918,0.20493073761463165,0.059950120747089386,0.06304696202278137
268,movie5,movie5-0418.jpg,movie5-0418-1.jpg,0.06508144736289978,0.00464639812707901,0.16517138481140137,0.29655593633651733,0.2985437512397766,0.020370105281472206,0.14963087439537048
269,movie5,movie5-0570.jpg,movie5-0570-1.jpg,0.08950632810592651,0.006296209525316954,0.08341506868600845,0.3425659239292145,0.4352286756038666,0.006038095336407423,0.0369497686624527
270,movie5,movie5-0178.jpg,movie5-0178-1.jpg,0.09444577991962433,0.009671498090028763,0.1283922791481018,0.25636810064315796,0.37213823199272156,0.013540266081690788,0.12544387578964233
271,movie5,movie5-0267.jpg,movie5-0267-1.jpg,0.09823039174079895,0.005349918734282255,0.10053211450576782,0.10642436146736145,0.5511535406112671,0.006965057458728552,0.13134466111660004
272,movie5,movie5-0278.jpg,movie5-0278-1.jpg,0.09679514169692993,0.01813243143260479,0.1572539210319519,0.40891146659851074,0.2428576797246933,0.01058487594127655,0.06546436995267868
273,movie5,movie5-0155.jpg,movie5-0155-1.jpg,0.056878045201301575,0.006083964835852385,0.061440739780664444,0.48191484808921814,0.344168484210968,0.011180547066032887,0.03833339363336563
274,movie5,movie5-0460.jpg,movie5-0460-1.jpg,0.019094549119472504,0.00027974037220701575,0.01703065261244774,0.8699572682380676,0.05601948872208595,0.005829831585288048,0.031788505613803864
275,movie5,movie5-0568.jpg,movie5-0568-1.jpg,0.06011347100138664,0.002650139620527625,0.09100749343633652,0.3081551492214203,0.45759356021881104,0.005648101679980755,0.07483197003602982
276,movie5,movie5-0175.jpg,movie5-0175-1.jpg,0.007292345631867647,0.00019108413835056126,0.030482569709420204,0.7615350484848022,0.14041319489479065,0.003651153761893511,0.056434646248817444
277,movie5,movie5-0551.jpg,movie5-0551-1.jpg,0.22217607498168945,0.007198928855359554,0.28464117646217346,0.014089910313487053,0.2642473578453064,0.13675254583358765,0.07089391350746155
278,movie5,movie5-0433.jpg,movie5-0433-1.jpg,0.154158353805542,0.004580894019454718,0.07367397844791412,0.40811023116111755,0.3340793251991272,0.004286294803023338,0.021110938861966133
279,movie5,movie5-0196.jpg,movie5-0196-1.jpg,0.232340008020401,0.006037931423634291,0.09690840542316437,0.2087913602590561,0.355429470539093,0.003469460178166628,0.09702343493700027
280,movie5,movie5-0554.jpg,movie5-0554-1.jpg,0.12075401097536087,0.01002338994294405,0.3624812364578247,0.10194329172372818,0.2281452864408493,0.08155623078346252,0.09509652107954025
281,movie5,movie5-0583.jpg,movie5-0583-1.jpg,0.0014188821660354733,3.793965151999146e-05,0.0018703924724832177,0.9700212478637695,0.012190014123916626,0.0006693612085655332,0.013792040757834911
282,movie5,movie5-0194.jpg,movie5-0194-1.jpg,0.18412858247756958,0.007237754296511412,0.08111482113599777,0.2619759142398834,0.3478882908821106,0.004540777299553156,0.11311385780572891
283,movie5,movie5-0271.jpg,movie5-0271-1.jpg,0.37428539991378784,0.00726144528016448,0.0893646702170372,0.30001598596572876,0.18057997524738312,0.010049964301288128,0.03844247758388519
284,movie5,movie5-0461.jpg,movie5-0461-1.jpg,0.017725758254528046,0.0013088996056467295,0.03366035595536232,0.7444679141044617,0.11833455413579941,0.005095353815704584,0.07940717786550522
285,movie5,movie5-0594.jpg,movie5-0594-1.jpg,0.14345073699951172,0.007481873966753483,0.10614779591560364,0.4372493624687195,0.27039510011672974,0.007729462813585997,0.027545606717467308
286,movie5,movie5-0274.jpg,movie5-0274-1.jpg,0.2456979751586914,0.009129488840699196,0.14021624624729156,0.041511569172143936,0.46552222967147827,0.009196178987622261,0.08872633427381516
287,movie5,movie5-0245.jpg,movie5-0245-1.jpg,0.015498271211981773,0.007262660190463066,0.039280541241168976,0.8654894828796387,0.04555514082312584,0.01731313206255436,0.009600806050002575
288,movie5,movie5-0446.jpg,movie5-0446-1.jpg,0.09598716348409653,0.0012479969300329685,0.07422208040952682,0.3627108633518219,0.3075981140136719,0.0075150770135223866,0.15071867406368256
289,movie5,movie5-0547.jpg,movie5-0547-1.jpg,0.18954424560070038,0.0077325268648564816,0.2502223253250122,0.007038778625428677,0.41620147228240967,0.06184267997741699,0.06741796433925629
290,movie5,movie5-0285.jpg,movie5-0285-1.jpg,0.019012438133358955,0.0008261706680059433,0.08685299754142761,0.7210186123847961,0.15903028845787048,0.004534917417913675,0.008724578656256199
291,movie5,movie5-0150.jpg,movie5-0150-1.jpg,0.07069679349660873,0.0013392557157203555,0.04581964761018753,0.6406542062759399,0.16464745998382568,0.011114378459751606,0.06572826206684113
292,movie5,movie5-0021.jpg,movie5-0021-1.jpg,0.09775184839963913,0.0038715668488293886,0.07489673048257828,0.2535463869571686,0.42534250020980835,0.006664213724434376,0.13792674243450165
293,movie5,movie5-0072.jpg,movie5-0072-1.jpg,0.11025878041982651,0.002160807838663459,0.12358568608760834,0.17588116228580475,0.4716826379299164,0.0027454199735075235,0.1136854737997055
294,movie5,movie5-0423.jpg,movie5-0423-1.jpg,0.28635165095329285,0.013147271238267422,0.1253480613231659,0.028535179793834686,0.3941380977630615,0.007798429112881422,0.14468128979206085
295,movie5,movie5-0436.jpg,movie5-0436-1.jpg,0.05531379580497742,0.003077754518017173,0.08343187719583511,0.5178865790367126,0.2994901239871979,0.0064556351862847805,0.03434419631958008
296,movie5,movie5-0498.jpg,movie5-0498-1.jpg,0.22483380138874054,0.006695670075714588,0.1265910118818283,0.024141967296600342,0.5617398619651794,0.007540686056017876,0.04845701530575752
297,movie5,movie5-0028.jpg,movie5-0028-1.jpg,0.2216237187385559,0.0013725431635975838,0.1262170374393463,0.35785114765167236,0.07672271132469177,0.019632579758763313,0.19658015668392181
298,movie5,movie5-0476.jpg,movie5-0476-1.jpg,0.09359624981880188,0.016551190987229347,0.12130864709615707,0.021200167015194893,0.731412410736084,0.006190216168761253,0.009741084650158882
299,movie5,movie5-0148.jpg,movie5-0148-1.jpg,0.1081070825457573,0.0030534733086824417,0.12341960519552231,0.12644366919994354,0.49398738145828247,0.004951972048729658,0.14003682136535645
